concentracao,acuracia_pct,n_dentro,n_total
850 células (10^3),96.38888888888889,347,360
90 células (10^2),99.76190476190476,419,420
8 células (10^1),98.88888888888889,534,540
