lower,median,upper,mean,tempo
0,2,6,2.32985,2.333
0,1,4,1.22205,2.667
0,0,3,0.63615,3
0,0,2,0.32885,3.333
0,0,1,0.1637,3.667
0,0,1,0.08595,4
0,0,1,0.03985,4.333
