lower,median,upper,mean,tempo
0,2,6,2.31565,2.333
0,1,4,1.23,2.667
0,0,3,0.63115,3
0,0,2,0.3232,3.333
0,0,1,0.16415,3.667
0,0,1,0.0783,4
0,0,1,0.0428,4.333
