lower,median,upper,mean,tempo
2,6,11,6.0063,3
0,3,7,3.08435,3.333
0,1,4,1.55475,3.667
0,1,3,0.7675,4
0,0,2,0.3786,4.333
0,0,1,0.18775,4.667
