lower,median,upper,mean,tempo
0,3,9,3.574,0.667
0,2,6,2.1269,1
0,1,4,1.24735,1.333
0,0,3,0.7032,1.667
0,0,2,0.385,2
0,0,1,0.2125,2.333
0,0,1,0.10775,2.667
0,0,1,0.05305,3
0,0,1,0.0283,3.333
