lower,median,upper,mean,tempo
2,6,11,5.9625,3
0,3,7,3.0619,3.333
0,1,4,1.53835,3.667
0,1,3,0.7729,4
0,0,2,0.37375,4.333
0,0,1,0.17845,4.667
