lower,median,upper,mean,tempo
0,3,9,3.56455,0.667
0,2,6,2.15795,1
0,1,4,1.2537,1.333
0,0,3,0.70395,1.667
0,0,2,0.3886,2
0,0,1,0.2034,2.333
0,0,1,0.10965,2.667
0,0,1,0.0536,3
0,0,1,0.029,3.333
