parametro,media,sd,q025,q975
delta (a),1.5896914387590237,0.0022225058398346095,1.5853360563717476,1.5940462639770392
p (b),1.2063892152301696,0.003104779043204428,1.2002484577287829,1.2125649530910538
N0 (n0),83645.4945795182,117.95466462716084,83414.12937493535,83874.16502847784
